Image_Name,Camera_Manufacturer,ISO,Shutter_Speed,Input_PSNR,Lamba_PSNR,GT_PSNR,Input_SSIM,Lamba_SSIM,GT_SSIM,ImageGT_tf,GT_Exposure_Ratio
_AJN8217.NEF,NIKON,100,20.0,0.0,0.0,0.0,0.0,0.0,0.0,True,1.0
_AJN8218.NEF,NIKON,100,15.0,24.09187370194232,8.213859725977432,21.745229521257286,0.9330006830454138,0.36466353440019,0.7303529666624367,False,1.3333333333333333
_AJN8219.NEF,NIKON,100,10.0,26.79969187929832,8.576955412220201,21.57045024208387,0.8987951380768239,0.3717586454899388,0.7242782266414132,False,2.0
_AJN8220.NEF,NIKON,100,8.0,22.67983206823022,8.960686335133266,21.969459141820742,0.8836897925598245,0.388583791277598,0.7381682060557991,False,2.5
_AJN8221.NEF,NIKON,100,6.0,25.826449307419285,9.461058987229231,22.19325737476922,0.8717611998900993,0.4138537613869862,0.7471228959653647,False,3.3333333333333335
_AJN8222.NEF,NIKON,100,4.0,24.846085689984832,9.97995301625915,22.12827189075784,0.8451541414803535,0.4447960136514424,0.7479576766993626,False,5.0
_AJN8223.NEF,NIKON,100,3.0,24.900725005254003,10.590218613973168,22.34707592819987,0.825811817410996,0.489590472040702,0.7492697461061216,False,6.666666666666667
_AJN8224.NEF,NIKON,100,2.0,23.713678455088715,11.235449068407029,22.358659033374785,0.7880624754036494,0.5081065406092375,0.7437223818813585,False,10.0
_AJN8225.NEF,NIKON,100,1.5,23.28502790293332,11.788157034709595,22.53141047000012,0.742349346881678,0.5264613238690621,0.7196539553323161,False,13.333333333333334
_AJN8226.NEF,NIKON,100,1.0,21.92235246224312,12.408346676562452,22.470478942229345,0.6926806332611553,0.5482736049668412,0.6742733580775738,False,20.0
_AJN8227.NEF,NIKON,100,0.6666666667,22.297975639665367,13.11607257249964,22.23144056863259,0.6281804272352743,0.5366439759532862,0.5960539932170544,False,29.9999999985
_AJN8228.NEF,NIKON,100,0.5,21.22565243358721,13.580640173360166,22.037256682016064,0.5664209423295241,0.4919970909968508,0.5214146125848501,False,40.0
_AJN8229.NEF,NIKON,100,0.3333333333,20.420581441117108,13.86964917382346,21.280444594880592,0.4960928845914759,0.4159256996526583,0.4447376007790822,False,60.000000006
_AJN8230.NEF,NIKON,100,0.25,19.62314697053962,13.757936313519243,19.791579566878976,0.4344732878807381,0.3256956738003039,0.3632012120640848,False,80.0
_AJN8231.NEF,NIKON,100,0.1666666667,19.250906923954044,13.336136075773904,19.284268823618703,0.3722162140113914,0.2775157077427619,0.3278094381416693,False,119.999999976
_AJN8232.NEF,NIKON,100,0.125,18.70769454129917,13.83355739681363,18.60634847414638,0.3345697068917705,0.2570539181610591,0.2890760366779041,False,160.0
_AJN8233.NEF,NIKON,100,0.1,17.959766633610265,15.580602416973182,17.445154969895707,0.3014229939918251,0.243773075598092,0.2256799883960452,False,200.0
_AJN8234.NEF,NIKON,100,0.06666666667,17.625349588843477,16.349600427238556,16.171346679992403,0.2927200141042816,0.2011692087109209,0.1536883918175767,False,299.999999985
_AJN8235.NEF,NIKON,100,0.05,17.20810081134626,15.904923358282064,15.792803294089314,0.2705120690242305,0.1489301653320821,0.1309690315494493,False,400.0
_AJN8236.NEF,NIKON,100,0.03333333333,16.882195057081994,15.71888238959146,15.635639889943366,0.25527179061726,0.1338332973995509,0.1249507204099323,False,600.00000006
_AJN8237.NEF,NIKON,100,0.02222222222,16.64039935154898,15.628156668552514,15.549328111590413,0.2390000241280355,0.126799722556557,0.1219266252783947,False,900.00000009
_AJN8238.NEF,NIKON,100,0.01666666667,16.487629963200273,15.537131801295596,15.463379767091167,0.2297402066871751,0.1232454439497092,0.1200771120362712,False,1199.99999976
_AJN8263.NEF,NIKON,100,15.0,0.0,0.0,0.0,0.0,0.0,0.0,True,1.0
_AJN8264.NEF,NIKON,100,10.0,34.57636790765138,8.870302674462454,32.73502651503807,0.9864366612921316,0.2403948484756694,0.8275465617437116,False,1.5
_AJN8265.NEF,NIKON,100,8.0,36.465003814199946,9.633644741030352,33.47707074956395,0.9832506261049276,0.3751228294341879,0.8594870030651981,False,1.875
_AJN8266.NEF,NIKON,100,6.0,33.34884556328975,10.5733585319293,34.09414156626254,0.9826701948878936,0.5767420494545991,0.8830989548982217,False,2.5
_AJN8267.NEF,NIKON,100,4.0,33.66769832722758,11.899549580361448,34.31960656844579,0.9776013350057098,0.675489023355455,0.899353959612801,False,3.75
_AJN8268.NEF,NIKON,100,3.0,33.42984056057791,12.828932616403502,34.358212506874736,0.9736864747479864,0.7273869410812348,0.905676210043643,False,5.0
_AJN8269.NEF,NIKON,100,2.0,33.71369898043315,14.012170119314026,34.22648819530343,0.9696462914020062,0.7809087726346032,0.90900500814003,False,7.5
_AJN8270.NEF,NIKON,100,1.5,33.78099787446698,15.522315766586312,35.19185049639432,0.962969554123256,0.8254682189129355,0.9107882618324736,False,10.0
_AJN8271.NEF,NIKON,100,1.0,33.73979430804111,17.098117578973962,35.25571999239155,0.9532441641210948,0.8430430623295555,0.9095603662069652,False,15.0
_AJN8272.NEF,NIKON,100,0.6666666667,32.9352578534816,18.386889246653848,34.75199854038513,0.9484847838015104,0.8508845282479706,0.9080963797279475,False,22.499999998875
_AJN8273.NEF,NIKON,100,0.5,33.283927087361874,20.42931500525364,35.039071799817926,0.9364970709480988,0.8669769649566682,0.904493529849619,False,30.0
_AJN8274.NEF,NIKON,100,0.3333333333,33.91804588689655,22.79814419477937,34.80079604405597,0.921556862272918,0.8813288607230826,0.8997932652642048,False,45.0000000045
_AJN8275.NEF,NIKON,100,0.25,33.97076912649476,24.553456723867534,34.87631279307393,0.9091948795945368,0.8877359896680731,0.8976869392464467,False,60.0
_AJN8276.NEF,NIKON,100,0.1666666667,33.175715085715055,26.2931179921984,34.32134987803714,0.8815677295155875,0.8844826857923235,0.8942560553324972,False,89.999999982
_AJN8277.NEF,NIKON,100,0.125,32.55414501707263,27.780822149993867,34.587748790090544,0.8696529459210448,0.8850797336355315,0.8941380863572551,False,120.0
_AJN8278.NEF,NIKON,100,0.1,31.83327795097613,29.46963783399637,34.13831776843748,0.8517952688702133,0.8878871203084592,0.8929030326653876,False,150.0
_AJN8279.NEF,NIKON,100,0.06666666667,31.107310102707345,30.084022152124845,33.61100734853992,0.8254892239912838,0.8886943201941637,0.8918521608956059,False,224.99999998875
_AJN8280.NEF,NIKON,100,0.05,30.517755796261945,30.28449052781683,32.854078492310634,0.8163073986560452,0.8891202279902836,0.891275506620354,False,300.0
_AJN8281.NEF,NIKON,100,0.03333333333,30.0882991998415,30.719173188948908,31.810096149208057,0.7965145455935959,0.8890113674292427,0.8907644510338856,False,450.00000004500004
_AJN8282.NEF,NIKON,500,4.0,0.0,0.0,0.0,0.0,0.0,0.0,True,1.0
_AJN8283.NEF,NIKON,500,3.0,39.416466708122606,8.125726390679235,30.38268129145863,0.9672160005303012,0.1402688026068298,0.7439847717057839,False,1.3333333333333333
_AJN8284.NEF,NIKON,500,2.0,34.16354801117444,8.463138830861734,29.934211898505527,0.962794851816248,0.2063519772512268,0.7645703152118738,False,2.0
_AJN8285.NEF,NIKON,500,1.5,35.833705567236244,9.372063329440678,30.64098861989276,0.9586797174932844,0.1598227159327194,0.8085618919528789,False,2.6666666666666665
_AJN8286.NEF,NIKON,500,1.0,35.78624677216895,9.768805937470646,30.715523377476124,0.9491866856401407,0.2592863414730662,0.8349607356222443,False,4.0
_AJN8287.NEF,NIKON,500,0.6666666667,34.938964680600265,10.594197995597876,30.98497893391347,0.938650149057616,0.287657273718909,0.8568277804804793,False,5.9999999997
_AJN8288.NEF,NIKON,500,0.5,34.23561025318705,12.012500108907116,32.69634170622031,0.9261676173700994,0.3146857998275844,0.8901227279170852,False,8.0
_AJN8289.NEF,NIKON,500,0.3333333333,34.95530660533854,13.09888559395321,32.42113348951157,0.9076737453706568,0.348654533835618,0.8944416807378651,False,12.0000000012
_AJN8290.NEF,NIKON,500,0.25,34.48499149119991,14.245543910943091,32.827991052509574,0.8891018334226232,0.3944328617148891,0.8993768017409325,False,16.0
_AJN8291.NEF,NIKON,500,0.1666666667,32.69360530001568,16.17889116214078,32.728651996872706,0.8552850790701129,0.8527593707201188,0.9085148882560612,False,23.9999999952
_AJN8292.NEF,NIKON,500,0.125,32.991983594541175,17.50224809429603,32.731548895077566,0.8485055212597133,0.6286386506446723,0.8921608286480754,False,32.0
_AJN8293.NEF,NIKON,500,0.1,31.83426702851576,19.151919712536262,33.38370120439623,0.8203700678976356,0.8885260613877252,0.9045791711633852,False,40.0
_AJN8294.NEF,NIKON,1000,1.5,0.0,0.0,0.0,0.0,0.0,0.0,True,1.0
_AJN8295.NEF,NIKON,1000,2.0,0.0,0.0,0.0,0.0,0.0,0.0,True,1.0
_AJN8296.NEF,NIKON,1000,1.0,33.867974905593634,9.445482899079911,31.22356278587656,0.950973315776087,0.0375974863582101,0.7955045291979701,False,2.0
_AJN8297.NEF,NIKON,1000,0.6666666667,35.6437956251403,9.854166732230349,30.896260370722423,0.9449251556860724,0.0511565352954189,0.7891990516308537,False,2.99999999985
_AJN8298.NEF,NIKON,1000,0.5,35.979259478935404,10.096586329150115,31.76041641511737,0.9282708594530176,0.1015381750882841,0.8215556098589744,False,4.0
_AJN8299.NEF,NIKON,1000,0.5,35.85245270346941,9.49368366250176,31.13890955911129,0.9343016982638276,0.1992817646803047,0.8084396867071512,False,4.0
_AJN8300.NEF,NIKON,1000,0.3333333333,34.19447604435343,11.837855965471125,31.938971498924307,0.9003724682117026,0.2286042349242622,0.8691964252920888,False,6.0000000006
_AJN8301.NEF,NIKON,1000,0.25,34.88688695431873,11.6184899096419,32.31988497964,0.8896194958998255,0.2343155516551039,0.8548356597260525,False,8.0
_AJN8302.NEF,NIKON,1000,0.1666666667,33.282534124267606,13.964901830817292,32.17500964085874,0.8628500026663346,0.363400248561917,0.8737950628211902,False,11.9999999976
_AJN8303.NEF,NIKON,1000,0.125,33.24267054551439,15.661812518907375,33.43341785752309,0.8339073586158371,0.7190331694888412,0.9349950197058218,False,16.0
_AJN8304.NEF,NIKON,1000,0.1,33.17020855645407,16.939849805138707,34.23295156466023,0.8173718757219356,0.6052510053440683,0.8852430386445893,False,20.0
_AJN8305.NEF,NIKON,1000,0.06666666667,31.858265512809467,18.15960244572404,33.725132049454544,0.8034868370867009,0.6644471006925329,0.8634970678165157,False,29.9999999985
_AJN8306.NEF,NIKON,1000,0.05,31.40424635926939,19.90022211915114,34.17821749121237,0.7872632900029201,0.717917673531033,0.8312655049707747,False,40.0
_AJN8307.NEF,NIKON,1000,0.03333333333,30.72938095590004,22.13532815304214,33.88222672036061,0.7725383677834685,0.7523798352821359,0.7649746341416875,False,60.000000006
_AJN8308.NEF,NIKON,1000,0.02222222222,30.28521893756389,23.54254101896959,33.5189959691072,0.765146364084794,0.7673023301344665,0.8521671320201998,False,90.000000009
_AJN8309.NEF,NIKON,1000,0.01666666667,29.455317430385325,25.930700492890534,34.77992439522116,0.7529165135218232,0.7817954091694674,0.8904484911586635,False,119.999999976
_AJN8310.NEF,NIKON,1000,0.01111111111,29.1587874157358,25.40137250364917,29.94077514866619,0.7454922287075293,0.7487125477128842,0.6938825169602051,False,180.000000018
_AJN8311.NEF,NIKON,1000,0.008,28.8290877302262,28.78418342963127,34.395151754359425,0.7405040249369462,0.7790356209302578,0.8421383494599097,False,250.0
_AJN8312.NEF,NIKON,1000,0.005555555556,28.57517150885344,29.81737264315211,34.15037245217437,0.7359239740475442,0.78085919493786,0.8257410540663406,False,359.9999999712
_AJN8313.NEF,NIKON,1000,0.004,28.53430288494508,30.09706361322545,32.94913935617287,0.7290112511676141,0.7794339183910245,0.7886531023931215,False,500.0
_AJN8314.NEF,NIKON,1000,0.002857142857,28.35922471428308,30.135959526857185,33.08749589444134,0.7360726497449751,0.7210345803997984,0.8453102658229829,False,700.000000035
_AJN8315.NEF,NIKON,2500,0.6666666667,0.0,0.0,0.0,0.0,0.0,0.0,True,1.0
_AJN8316.NEF,NIKON,2500,0.5,35.73373061665325,9.336245918973416,31.14276167196263,0.9098844391914024,0.0237747256498208,0.7431945742249582,False,1.3333333334
_AJN8317.NEF,NIKON,2500,0.3333333333,32.44489739350617,10.250730337123452,31.50291981368534,0.8858961035570855,0.1263792278433985,0.8270059684718492,False,2.0000000003
_AJN8318.NEF,NIKON,2500,0.25,33.05442469300052,10.159715894261666,31.41585522335115,0.8749699160868403,0.0311252034235948,0.7289884196890476,False,2.6666666668
_AJN8319.NEF,NIKON,2500,0.1666666667,32.825220726900525,12.89864937719914,32.03302171085749,0.8356600901303927,0.2224182090995985,0.8396408675543823,False,3.9999999994
_AJN8320.NEF,NIKON,2500,0.125,32.55072028469436,15.464070277860165,32.7983394688801,0.8186029205549775,0.3734834914419167,0.8643765012759665,False,5.3333333336
_AJN8321.NEF,NIKON,2500,0.1,32.1023574379072,15.033249232381978,33.17562008828351,0.7985107421535663,0.2298812420327775,0.7942220218664101,False,6.666666666999999
_AJN8322.NEF,NIKON,2500,0.06666666667,31.770967550795323,16.915336175305008,32.93108737811456,0.7844824879830613,0.5222729535928187,0.8303155332177283,False,10.0
_AJN8323.NEF,NIKON,2500,0.05,30.876536600611544,20.511855665456604,34.04731393015005,0.769999214823931,0.6458780441442867,0.8837627555353698,False,13.333333333999999
_AJN8324.NEF,NIKON,2500,0.03333333333,30.55643767882464,18.63008609301346,31.711590433694056,0.7600198571664674,0.3426929569606078,0.6425633612288584,False,20.000000003
_AJN8325.NEF,NIKON,2500,0.02222222222,29.94100089080008,19.75039893236864,28.923632809850844,0.7511555530184911,0.3707478441341129,0.5070026495305715,False,30.0000000045
_AJN8326.NEF,NIKON,2500,0.01666666667,29.21064315393272,21.80978374806348,29.13407260165873,0.7439915672828835,0.5202379053017504,0.5768580312666567,False,39.999999994
_AJN8327.NEF,NIKON,2500,0.01111111111,28.82237120462649,23.105672193878025,30.24615039214701,0.7372957917862784,0.5444409451740064,0.610295153059993,False,60.000000009
_AJN8328.NEF,NIKON,2500,0.008,28.65021909151572,22.634832349115133,27.46036809881047,0.7332467957696239,0.418411324673712,0.4637091836913884,False,83.3333333375
_AJN8329.NEF,NIKON,2500,0.005555555556,28.45256264359339,24.25066131018891,24.99667784185093,0.7271104295610854,0.5404030342180776,0.4781463351809503,False,119.9999999964
_AJN8330.NEF,NIKON,2500,0.004,28.488829147091973,23.3283945081906,23.786838633725765,0.7270047670761833,0.4313573650085358,0.4057271397318877,False,166.666666675
_AJN8331.NEF,NIKON,2500,0.002857142857,28.328066693603333,23.788279415599973,23.978070176502552,0.7233830098211675,0.4265771972627266,0.4097354352943223,False,233.33333335666666
_AJN8332.NEF,NIKON,2500,0.002,28.32306089403407,24.065013415981376,24.05636907688262,0.7230120852072002,0.4435473970899717,0.444603190001484,False,333.33333335
_AJN8333.NEF,NIKON,6400,0.3333333333,0.0,0.0,0.0,0.0,0.0,0.0,True,1.0
_AJN8334.NEF,NIKON,6400,0.25,33.68460757819594,8.197763214192694,28.80101833173736,0.8644392883050066,0.0325623496307597,0.473226733264779,False,1.3333333332
_AJN8335.NEF,NIKON,6400,0.1666666667,32.65855800428037,9.992392654707189,30.01678237733481,0.8212222803787014,0.1200805243144491,0.5508232619222495,False,1.9999999994
_AJN8336.NEF,NIKON,6400,0.125,32.45512669092864,12.118284621835464,31.386977336698152,0.805103102705358,0.1282451857366649,0.6234064126765585,False,2.6666666664
_AJN8337.NEF,NIKON,6400,0.1,31.808235760973385,10.963705734017172,30.10923927602441,0.7859067223390926,0.1913883309612673,0.5000242689374632,False,3.3333333329999997
_AJN8338.NEF,NIKON,6400,0.06666666667,31.19246506057388,11.40624725979757,27.81127760079105,0.7706872996451936,0.2318989941491659,0.5152706182591579,False,4.99999999925
_AJN8339.NEF,NIKON,6400,0.05,30.848680205593496,11.749823340721452,26.643222563848905,0.7601035092133307,0.2645742922324352,0.5554197833690372,False,6.666666665999999
_AJN8340.NEF,NIKON,6400,0.03333333333,30.171744970165683,12.188189423906412,23.902565981340143,0.7479426337611358,0.3025862047056667,0.5160853023348203,False,10.0
_AJN8341.NEF,NIKON,6400,0.02222222222,29.71911639467825,17.592351177777704,26.616448859359355,0.7443184140478089,0.4441648027052133,0.5534671840825294,False,14.999999999999998
_AJN8342.NEF,NIKON,6400,0.01666666667,29.35244912160563,23.969857634818204,31.724681843218537,0.7396302910407146,0.5732354242280627,0.5682667324592532,False,19.999999994
_AJN8343.NEF,NIKON,6400,0.01111111111,29.111024544080987,12.927000748039925,19.49093998188416,0.7272535807602815,0.3498701261182197,0.4773195289999314,False,29.999999999999996
_AJN8344.NEF,NIKON,6400,0.008,28.858492510524187,27.91216196560645,32.95053722985073,0.7314833186906009,0.6185473094846483,0.6330633463885924,False,41.6666666625
_AJN8345.NEF,NIKON,6400,0.005555555556,28.76015571158309,19.514595787205263,22.095202656209523,0.7237170709338517,0.346835697394211,0.3725546098579479,False,59.9999999892
_AJN8346.NEF,NIKON,6400,0.004,28.503783955538765,21.71373760984597,21.924465731852365,0.7242630542494961,0.4996367598977711,0.4873571916657045,False,83.333333325
_AJN8347.NEF,NIKON,6400,0.002857142857,28.43914438406226,32.04634783545685,32.3648470007458,0.7254917754156827,0.6452365765496954,0.6284635867101552,False,116.66666666083333
_AJN8348.NEF,NIKON,6400,0.002,28.27248453332367,30.73619522449352,30.70720346744953,0.7230274136609021,0.6429572129103133,0.6587408787081429,False,166.66666665
_AJN8349.NEF,NIKON,6400,0.001333333333,28.243204651073142,21.96841785234904,22.46408939819723,0.7203908314930562,0.502187495671082,0.5006534579405324,False,250.00000003749997
_AJN8351.NEF,NIKON,100,194.9,0.0,0.0,0.0,0.0,0.0,0.0,True,1.0
_AJN8352.NEF,NIKON,100,124.7,28.07204476711164,7.505026008429443,23.724855061914024,0.9412070809352404,0.1591675888437988,0.7438156252699004,False,1.5629510825982358
_AJN8353.NEF,NIKON,100,61.3,26.2836998870024,7.699466822517747,23.415628576488285,0.8850122310539694,0.2553577098088074,0.7861727324305883,False,3.179445350734095
_AJN8354.NEF,NIKON,100,30.0,24.65150587990604,8.401602372030968,23.36194094353573,0.8473702148887688,0.3392680400415194,0.7897038472427491,False,6.496666666666667
_AJN8355.NEF,NIKON,100,20.0,24.250112485213737,9.236419517190477,23.433430513335857,0.8117906869952635,0.5055074337593616,0.7436749071742526,False,9.745000000000001
_AJN8356.NEF,NIKON,100,15.0,23.519208931418166,10.146737029461788,23.70947990727188,0.7611542118533761,0.5389777881849381,0.6881922409559511,False,12.993333333333334
_AJN8357.NEF,NIKON,100,10.0,23.854043222670587,10.974320829724745,23.370411175746263,0.7890767541887538,0.5676545633691972,0.6433384894147541,False,19.490000000000002
_AJN8358.NEF,NIKON,100,8.0,24.201593739649404,12.135409187876414,24.45058643116355,0.770444827614272,0.5704755904044652,0.5895855414458332,False,24.3625
_AJN8359.NEF,NIKON,100,6.0,23.67592120001354,12.802725626900257,23.903018949061327,0.7335919498294095,0.5455908276397923,0.5454048381484566,False,32.483333333333334
_AJN8360.NEF,NIKON,100,4.0,23.345388511860342,13.645381570743163,23.48261166364089,0.6941456892812896,0.5156102210296568,0.5266056938984943,False,48.725
_AJN8361.NEF,NIKON,100,3.0,23.23158265956591,14.316729260550291,23.281082744653432,0.6615666944307864,0.5105704768414568,0.5179504750480973,False,64.96666666666667
_AJN8362.NEF,NIKON,100,2.0,22.57128921385329,14.88626885914977,22.242408285026627,0.6181916532504133,0.5030470139557112,0.5090085841802303,False,97.45
_AJN8363.NEF,NIKON,100,1.5,22.46095791571375,15.569850547215804,22.087184531296025,0.5602073294859351,0.4998988983018726,0.5018684499996896,False,129.93333333333334
_AJN8364.NEF,NIKON,100,1.0,22.203359496360303,16.03493163306989,21.57446864252598,0.5072982663654005,0.4993756639783808,0.4969240659948581,False,194.9
_AJN8365.NEF,NIKON,100,0.6666666667,21.85269148423028,16.922237053630592,21.264750430880618,0.4458024425520586,0.4989262711411419,0.4920854032618145,False,292.3499999853825
_AJN8366.NEF,NIKON,100,0.5,21.32560331555824,18.428079769519297,20.70725015669357,0.3871294104703426,0.4980032275719328,0.4876480573636232,False,389.8
_AJN8367.NEF,NIKON,100,0.3333333333,20.52061650847865,19.616763674115884,19.7015472478617,0.328785891121548,0.4951777467985576,0.4812814752257592,False,584.7000000584701
_AJN8368.NEF,NIKON,100,0.25,19.72709261183112,19.47490138865492,18.86982223791719,0.2900059927356302,0.4893955796404765,0.4753754311226061,False,779.6
_AJN8369.NEF,NIKON,100,0.1666666667,18.72373004218601,18.637633695948963,18.393806869577205,0.2426491830414807,0.4884593372792105,0.4783429703192723,False,1169.3999997661201
_AJN8370.NEF,NIKON,100,0.125,18.03596948101656,18.258658790602315,18.13645853007873,0.215470345692278,0.4807371898338475,0.4751563570130428,False,1559.2
_AJN8371.NEF,NIKON,100,0.1,17.517549132168728,18.0711826079412,17.99176299354183,0.1994503334735535,0.4766210174648186,0.4732999896115344,False,1949.0
_AJN8372.NEF,NIKON,100,0.06666666667,17.070612631039502,17.93441514656116,17.895851178036327,0.1835895652230889,0.475188760693449,0.4728583100565552,False,2923.499999853825
_AJN8373.NEF,NIKON,640,30.0,0.0,0.0,0.0,0.0,0.0,0.0,True,1.0
_AJN8374.NEF,NIKON,640,20.0,21.93498429622395,7.109477256240448,18.88918822514908,0.8003682917294785,0.133092384985205,0.6127154868276206,False,1.5
_AJN8375.NEF,NIKON,640,15.0,21.380639031327146,7.328177965590255,19.280871144972554,0.7799418426865988,0.137270419793948,0.6387121277410843,False,2.0
_AJN8376.NEF,NIKON,640,10.0,21.15896923093533,7.482653337275402,19.20903006072064,0.7655793096987903,0.1480427547939147,0.6502314487731039,False,3.0
_AJN8377.NEF,NIKON,640,8.0,20.873419744570988,7.597004731799122,19.792366163038903,0.7461002522255354,0.2639144342524247,0.6888809420830148,False,3.75
_AJN8378.NEF,NIKON,640,6.0,20.50202019694983,7.780656713561166,20.12993938913762,0.7226710685607237,0.2470227520121319,0.7116865901569928,False,5.0
_AJN8379.NEF,NIKON,640,4.0,20.25845608766337,8.24258539987625,19.76662338643088,0.701651077224627,0.2507597845212948,0.7094030836901387,False,7.5
_AJN8380.NEF,NIKON,640,3.0,20.141840385209704,8.986359866772464,20.003384227816007,0.6639195871851079,0.2718216531818225,0.7111394421719912,False,10.0
_AJN8381.NEF,NIKON,640,2.0,20.16564592508351,9.578641571050849,19.89113273123895,0.651343354004512,0.2623208281668683,0.688547867240971,False,15.0
_AJN8382.NEF,NIKON,640,2.0,20.115303806670948,9.702153362920049,20.011206952666768,0.6456320517309252,0.2642283437936341,0.6832991030319749,False,15.0
_AJN8383.NEF,NIKON,640,1.5,20.212814744372785,10.415262334165018,20.107722285744856,0.6153053229826883,0.289475481281108,0.6639726240924505,False,20.0
_AJN8384.NEF,NIKON,640,1.0,20.238707225520205,11.28700498139705,19.90931533801501,0.5446477402570412,0.3399834908592724,0.6470002659439483,False,30.0
_AJN8385.NEF,NIKON,640,0.6666666667,20.25087069845357,11.506485142614276,19.50051915774484,0.4865338714064822,0.3355775095421507,0.6489948559112212,False,44.99999999775
_AJN8386.NEF,NIKON,640,0.5,19.83359558722841,12.599247029408318,19.51056821881691,0.4316021801721664,0.3920935477636937,0.6363797645211984,False,60.0
_AJN8387.NEF,NIKON,640,0.3333333333,19.600092570160907,13.019481721473374,19.25544563469926,0.3641589212614932,0.4404217462503908,0.6429898088601694,False,90.000000009
_AJN8388.NEF,NIKON,640,0.25,19.307619410702603,13.877667445227749,19.56648295208003,0.3200028629986493,0.4532285984099113,0.6334087482469343,False,120.0
_AJN8389.NEF,NIKON,640,0.1666666667,18.474073788312708,14.983225808676572,19.8413700340968,0.294798564272573,0.5162495883944228,0.6093752611660533,False,179.999999964
_AJN8390.NEF,NIKON,640,0.125,18.09814735050201,15.37901321420993,19.6183195436272,0.2615236352061446,0.4343990328937113,0.5069473562850458,False,240.0
_AJN8391.NEF,NIKON,640,0.1,17.82401917119351,15.808681292138797,19.48240381513452,0.2078919441801164,0.4998137191177836,0.5978997948978771,False,300.0
_AJN8392.NEF,NIKON,640,0.06666666667,17.19575072147087,17.762232726838437,19.75097579508499,0.2393852146872292,0.5109837208882556,0.5110798327567425,False,449.9999999775
_AJN8393.NEF,NIKON,640,0.05,16.92003610279002,18.499957658056804,19.26337526670416,0.1916494489549628,0.5090007719755808,0.5307106185124599,False,600.0
_AJN8394.NEF,NIKON,640,0.03333333333,16.839422642145806,18.44261070081025,18.73509070221184,0.2146494605256191,0.4719022229261334,0.4316423235728042,False,900.0000000900001
_AJN8395.NEF,NIKON,1250,15.0,0.0,0.0,0.0,0.0,0.0,0.0,True,1.0
_AJN8396.NEF,NIKON,1250,10.0,20.68345891320903,6.914522387297221,18.35585982037989,0.7483270897816369,0.1300542216909057,0.6090487445791192,False,1.5
_AJN8397.NEF,NIKON,1250,8.0,20.44686678451985,7.166594953666339,18.77756038660252,0.73222454967789,0.1489175504489124,0.644537676731406,False,1.875
_AJN8398.NEF,NIKON,1250,6.0,20.124543866602185,7.522916924769686,18.99909923478036,0.7073002778406811,0.1959498441586801,0.679139930962784,False,2.5
_AJN8399.NEF,NIKON,1250,4.0,19.85364329968501,7.748729732629027,18.79345016106932,0.6833243846375531,0.1798039594984376,0.6731954463083425,False,3.75
_AJN8400.NEF,NIKON,1250,3.0,19.729985036538874,8.041073213537826,18.96893146863768,0.6539562493878456,0.1879221858039236,0.6889792003810545,False,5.0
_AJN8401.NEF,NIKON,1250,2.0,19.631864510983444,8.455814574858307,18.86197085136198,0.6273098659849871,0.2059283287813321,0.6664010953122441,False,7.5
_AJN8402.NEF,NIKON,1250,1.5,19.491626121903938,8.979559498785626,19.033723036411686,0.56054965749531,0.3483969739582224,0.703626151977231,False,10.0
_AJN8403.NEF,NIKON,1250,1.0,19.49851317676263,9.57595528358452,18.872398442644737,0.5195101771325658,0.4024707873147949,0.6887557456824468,False,15.0
_AJN8404.NEF,NIKON,1250,0.6666666667,19.48093848284104,10.299767135269873,18.634634700159346,0.4781077742770496,0.3216128025900484,0.626764165955773,False,22.499999998875
_AJN8405.NEF,NIKON,1250,0.5,19.401020816222736,10.94297495753,18.75976857694153,0.4215844537276784,0.4608669874728736,0.6045602888384153,False,30.0
_AJN8406.NEF,NIKON,1250,0.3333333333,19.268310779746937,11.528339951200053,18.21753523556128,0.374989019895958,0.4372337762777958,0.5572993041897267,False,45.0000000045
_AJN8407.NEF,NIKON,1250,0.25,18.930849453215583,12.03548096051831,18.00488044891409,0.3264988492143333,0.4334901725763564,0.5232539349296144,False,60.0
_AJN8408.NEF,NIKON,1250,0.1666666667,18.41640360391353,13.882420209787846,18.891129687677044,0.2810676037312781,0.6854475685063462,0.6854802545790192,False,89.999999982
_AJN8409.NEF,NIKON,1250,0.125,18.01977753781531,14.590190814388798,19.13932462856673,0.2528511924973888,0.6634801052399237,0.6635928663631,False,120.0
_AJN8410.NEF,NIKON,1250,0.1,17.617750240885993,15.247591727119229,19.199270400148915,0.2356022940514272,0.544669808826641,0.6012289579096749,False,150.0
_AJN8411.NEF,NIKON,1250,0.06666666667,17.317150972513364,16.280620655546628,19.24813462582721,0.2165292364765266,0.6062073778628614,0.6690436812031527,False,224.99999998875
_AJN8412.NEF,NIKON,1250,0.05,17.02666983271864,17.119768320064416,19.17983093707558,0.210746419684558,0.4926762827524588,0.569079702847119,False,300.0
_AJN8413.NEF,NIKON,1250,0.03333333333,16.85451752005371,18.13828981101645,19.25898271130569,0.1978534767559975,0.5587442641975053,0.6318353232805937,False,450.00000004500004
_AJN8414.NEF,NIKON,1250,0.02222222222,16.67288726251529,18.472260269934893,18.87557047943664,0.1979082744926475,0.4820690191849504,0.5001513946605205,False,675.0000000675
_AJN8415.NEF,NIKON,1250,0.01666666667,16.55387189063404,18.674274863208893,18.73425920750091,0.1936925324570004,0.4818884556128526,0.483929963333285,False,899.99999982
_AJN8416.NEF,NIKON,1250,0.01111111111,16.44424706520115,18.0586802869393,18.05404436082961,0.1966233226895566,0.4537368933625818,0.4558114954449204,False,1350.000000135
_AJN8417.NEF,NIKON,3200,8.0,0.0,0.0,0.0,0.0,0.0,0.0,True,1.0
_AJN8418.NEF,NIKON,3200,6.0,20.398097582359988,6.738922123922389,17.815649000144195,0.6841583231052314,0.1301709999725739,0.5762145083387956,False,1.3333333333333333
_AJN8419.NEF,NIKON,3200,4.0,20.4092700529158,6.9703152063817,17.449796057368168,0.6648684305396085,0.1650729697291333,0.5610182678080013,False,2.0
_AJN8420.NEF,NIKON,3200,3.0,20.087627115332744,7.5435586429561186,17.729846619949644,0.6306903698913334,0.1539017834604726,0.5888113950369571,False,2.6666666666666665
_AJN8421.NEF,NIKON,3200,2.0,19.65712134182717,7.77121155731353,17.31712302941564,0.5994496501646666,0.1538757364093822,0.5605635598220818,False,4.0
_AJN8422.NEF,NIKON,3200,1.5,19.475685800011966,8.170948750121196,17.395406332388294,0.550766034681636,0.1883559089422373,0.5754437494272503,False,5.333333333333333
_AJN8423.NEF,NIKON,3200,1.0,19.198950757982203,8.395851376164993,17.043454537616924,0.5056022415845619,0.1976156138725383,0.5740814591725799,False,8.0
_AJN8424.NEF,NIKON,3200,0.6666666667,19.038964111510783,8.754516384691225,16.737449413037446,0.4564290198973902,0.2027002554875969,0.5732957237872393,False,11.9999999994
_AJN8425.NEF,NIKON,3200,0.5,18.782793964915623,10.30451115311861,16.86904750299984,0.4009500093906561,0.3951318415394464,0.6063538188943368,False,16.0
_AJN8426.NEF,NIKON,3200,0.3333333333,18.73842991678632,9.67224068024466,16.169632908620507,0.3552894166474671,0.2267621402462571,0.4893147158547142,False,24.0000000024
_AJN8427.NEF,NIKON,3200,0.25,18.54290128297545,10.48083074944449,16.155455309012336,0.3117419844428336,0.3764616526029731,0.5434783298659616,False,32.0
_AJN8428.NEF,NIKON,3200,0.1666666667,18.081452557702267,13.492020186843137,17.383677074413317,0.2775127979053074,0.6170096719598953,0.6889907791266229,False,47.9999999904
_AJN8429.NEF,NIKON,3200,0.125,17.787097363176233,14.448275475028138,17.716637192833346,0.2527303068523206,0.6309077700875204,0.6775638272283596,False,64.0
_AJN8430.NEF,NIKON,3200,0.1,17.562794126122633,13.99954354170844,17.103198964586404,0.2177457795687802,0.5031646339421793,0.5552506753260765,False,80.0
_AJN8431.NEF,NIKON,3200,0.06666666667,17.198172511614874,12.52522912881375,14.136767401288049,0.2001825623959803,0.4599723591595645,0.4633573377800444,False,119.999999994
_AJN8432.NEF,NIKON,3200,0.05,16.978235099887783,15.226801045522802,16.032802877517238,0.1907521396626585,0.5092524094285973,0.5255295308459198,False,160.0
_AJN8433.NEF,NIKON,3200,0.03333333333,16.91014646231565,13.374189827404797,13.068190439689628,0.1837725816766582,0.4604507616634605,0.4552527474187171,False,240.000000024
_AJN8434.NEF,NIKON,3200,0.02222222222,16.78293511363493,16.955048551043465,16.31511602018692,0.1986319628827728,0.5002913338300315,0.483519507210593,False,360.000000036
_AJN8435.NEF,NIKON,3200,0.01666666667,16.637770080806906,18.209882762104705,17.528044739585944,0.195985351703288,0.5954862245726457,0.5480386952027186,False,479.999999904
_AJN8436.NEF,NIKON,3200,0.01111111111,16.59726869646257,17.4352609429633,16.382338501984,0.1736659466086698,0.5390426657902383,0.505615014313852,False,720.000000072
_AJN8437.NEF,NIKON,3200,0.008,16.558819220575757,17.462967466815563,16.082305484611087,0.1713368888923669,0.5376771533404158,0.4886517281681652,False,1000.0
_AJN8438.NEF,NIKON,6400,4.0,0.0,0.0,0.0,0.0,0.0,0.0,True,1.0
_AJN8439.NEF,NIKON,6400,3.0,18.012187834524344,6.133545734919919,15.999270134494507,0.5591720732188673,0.1496014942825061,0.5403897759025568,False,1.3333333333333333
_AJN8440.NEF,NIKON,6400,2.0,18.15587840699534,6.531384463911162,15.73698946251124,0.52374296309174,0.191230771498464,0.524281015947705,False,2.0
_AJN8441.NEF,NIKON,6400,1.5,18.02133939470361,7.272239678687424,15.953739345600347,0.4824771936909611,0.2252655279422502,0.5410349671392236,False,2.6666666666666665
_AJN8442.NEF,NIKON,6400,1.0,17.869501280662085,7.627918172405966,15.702583061637414,0.4459055362630736,0.2858241740296401,0.5438249386297507,False,4.0
_AJN8443.NEF,NIKON,6400,0.6666666667,17.782397610849078,8.442246481659838,15.594489036853048,0.4122099646674541,0.2743819369584901,0.5574311700033888,False,5.9999999997
_AJN8444.NEF,NIKON,6400,0.5,17.785228720467934,8.452208950380415,15.496308363868998,0.3689316333714463,0.3190243077368954,0.5278707447143824,False,8.0
_AJN8445.NEF,NIKON,6400,0.3333333333,17.715810340792288,8.945980727849012,15.120683309141585,0.3269819621605552,0.346118405994077,0.448184439491077,False,12.0000000012
_AJN8446.NEF,NIKON,6400,0.25,17.667838922998275,9.424955235297189,15.197852165715664,0.2896249817394266,0.3607515594557351,0.4748202712623415,False,16.0
_AJN8447.NEF,NIKON,6400,0.1666666667,17.476131862192506,10.833904609600648,15.639345313864046,0.252123825309332,0.4237084511819884,0.560427654105938,False,23.9999999952
_AJN8448.NEF,NIKON,6400,0.125,17.355545432561097,11.913992976539944,15.643113790416042,0.24159708096364,0.466277770153306,0.5019797094060588,False,32.0
_AJN8449.NEF,NIKON,6400,0.1,17.17290074033824,12.37586557337556,16.137885807803123,0.2112419208013851,0.4502493823651743,0.5431729225514291,False,40.0
_AJN8450.NEF,NIKON,6400,0.06666666667,17.032273360373356,13.153103860716982,15.498406113161858,0.1987805253190506,0.4660746220199392,0.5267253308742846,False,59.999999997
_AJN8451.NEF,NIKON,6400,0.05,16.869098510684353,15.78259515313092,16.76260024592405,0.2091259833773545,0.6371451048257669,0.6536441475428721,False,80.0
_AJN8452.NEF,NIKON,6400,0.03333333333,16.85584544853328,11.93497915568231,11.900197089529993,0.1826038611327145,0.4493219786394455,0.4489669222528534,False,120.000000012
_AJN8453.NEF,NIKON,6400,0.02222222222,16.771798526755767,12.35628991536971,11.242151059245298,0.1790175514307656,0.4563826972287887,0.4326031618930497,False,180.000000018
_AJN8454.NEF,NIKON,6400,0.01666666667,16.617803040627663,15.686986569844615,14.85068445671759,0.1749889783920204,0.4955925531556044,0.4685762106355295,False,239.999999952
_AJN8455.NEF,NIKON,6400,0.01111111111,16.564188641652695,18.037944233202623,16.88653192106858,0.194412559170708,0.6228969282384974,0.5591351780853923,False,360.000000036
_AJN8456.NEF,NIKON,6400,0.008,16.545590294737426,16.373912088875784,13.452472626978285,0.1722828679445321,0.5071658098289222,0.3455530836772656,False,500.0
_AJN8457.NEF,NIKON,6400,0.005555555556,16.603364763988814,12.762175225446333,9.466107896773332,0.1721175061358918,0.4608220958584192,0.2869817102005635,False,719.9999999424
